{"timestamps": [1518134499.251131], "episode_lengths": [248], "initial_reset_timestamp": 1518134387.969313, "episode_types": ["t"], "episode_rewards": [1900.300000000003]}